file,BP_score,CW_score,SECT_score,BP_time,CW_time,SECT_time
A_014_#ABS1_15_1.prp,21744.063854635893,15635.991220239124,12422.161737710303,0.026276499999999998,0.23543952599999998,0.111082061
